"4.18.2023","Hello こんにちは","/hello/","block","時間帯によって 投稿を記録・内容を生成"
"4.15.2023","自分の気持ちを知る・表す","/sign/","block","ローカルストレージに 色と記号 の投稿を追加"
"4.11.2023","drawingText()","/profile/canvas.html","block","入力欄のテキストを すべてのキャンバス要素 に描画"
"4.2.2023","音声合成 | Text to Speech","/hello/js/synthesis.html","block","ウェブ音声 API (Web Speech API) で テキストを音声に変換"
"4.2.2023","音声認識 | Speech Recognition","/hello/js/recognition.html","block","ウェブ音声 API (Web Speech API) で 音声をテキストに変換"
"10.1.2022","通信情報／ブラウザ等情報","/coding/yourinfo/","block","The Information About Network & Browser for connection to The Internet"
"10.1.2022","毎日の色と記号","/sign/collection/","block","日毎に 色と記号 の投稿を記録"
"9.27.2022","Touch.js","/thankyou/touch.html","block","Touch The Screen to Drawing"
"9.27.2022","Members Only","/sign/members/","block","令和三年十月から令和四年九月の色と記号"
"5.21.2022","Go Out","/map/","block","行ったことのない場所へ行く"
"4.26.2022","大切にすることを大切にするためのギャラリー","/value/gallery/","none","none"
"12.10.2021","Go Out","/map/","block","地図を作ろう"
"9.27.2021","Sketch.js","/thankyou/sketch.html","block","(C) 2013 Justin Windle"
"9.27.2021","HSL.js","/thankyou/hsl.html","block","Hue Saturation Lightness"
"9.27.2021","Sign β ver","/sign/beta/","block","令和三年三月から令和三年九月の色と記号"
"9.27.2021","本を読むようにテキストを表示する挨拶ページ","/coding/hello/","block","The Greeting Page that seems like reading a book"
"9.27.2021","開いた本のようなウェブページ","/coding/cover/","block","The Coverpage That Seems Like a cover of the book"
